{
  "accuracy": 0.84,
  "precision": 0.84,
  "recall": 0.81,
  "f1": 0.83,
  "specificity": 0.81,
  "cross_validation_score": [
    0.7915841584158416, 0.7948019801980198, 0.7804455445544555,
    0.7950495049504951, 0.7878712871287129, 0.7955445544554456,
    0.7784104976479327, 0.78781876702154, 0.7850953206239168, 0.7890566972022778
  ],
  "cross_validation_mean": 0.79,
  "cross_validation_std": 0.01,
  "confusion_matrix_args": [16066, 3678, 2925, 17727]
}
