{
  "accuracy": 0.81,
  "precision": 0.82,
  "recall": 0.85,
  "f1": 0.82,
  "specificity": 0.85,
  "cross_validation_score": [
    0.7621287128712871, 0.7806930693069307, 0.7725247524752475, 0.775,
    0.7732673267326733, 0.7782178217821782, 0.7702401584550631,
    0.7791532557563754, 0.7660311958405546, 0.7687546422381778
  ],
  "cross_validation_mean": 0.77,
  "cross_validation_std": 0.01,
  "confusion_matrix_args": [16928, 2980, 4543, 15945]
}
