{
  "accuracy": 0.8,
  "precision": 0.8,
  "recall": 0.78,
  "f1": 0.79,
  "specificity": 0.78,
  "cross_validation_score": [
    0.7735148514851485, 0.7700495049504951, 0.7811881188118812,
    0.7762376237623763, 0.7747524752475248, 0.7695544554455446,
    0.7742015350334241, 0.7687546422381778, 0.7660311958405546,
    0.7704877444912107
  ],
  "cross_validation_mean": 0.77,
  "cross_validation_std": 0.0,
  "confusion_matrix_args": [15379, 4434, 3679, 16904]
}
