{
  "accuracy": 0.84,
  "precision": 0.84,
  "recall": 0.84,
  "f1": 0.84,
  "specificity": 0.84,
  "cross_validation_score": [
    0.7952970297029703, 0.7844059405940594, 0.7814356435643565,
    0.7893564356435644, 0.7928217821782179, 0.7987623762376238,
    0.7967318643228521, 0.7717256746719485, 0.779896013864818,
    0.7967318643228521
  ],
  "cross_validation_mean": 0.79,
  "cross_validation_std": 0.01,
  "confusion_matrix_args": [16654, 3077, 3422, 17243]
}
