{
  "accuracy": 0.83,
  "precision": 0.83,
  "recall": 0.83,
  "f1": 0.82,
  "specificity": 0.83,
  "cross_validation_score": [
    0.7707920792079208, 0.7797029702970297, 0.7646039603960396,
    0.7737623762376238, 0.7663366336633664, 0.7643564356435644,
    0.7598415449368655, 0.7680118841297351, 0.7647932656598168,
    0.7687546422381778
  ],
  "cross_validation_mean": 0.77,
  "cross_validation_std": 0.01,
  "confusion_matrix_args": [16453, 3383, 3602, 16958]
}
