{
  "accuracy": 0.81,
  "precision": 0.81,
  "recall": 0.81,
  "f1": 0.81,
  "specificity": 0.81,
  "cross_validation_score": [
    0.7702970297029703, 0.7858910891089109, 0.7665841584158416,
    0.7732673267326733, 0.7814356435643565, 0.7646039603960396,
    0.7682594701658827, 0.7850953206239168, 0.7667739539489973,
    0.7704877444912107
  ],
  "cross_validation_mean": 0.77,
  "cross_validation_std": 0.01,
  "confusion_matrix_args": [15962, 3818, 3735, 16881]
}
