{
  "accuracy": 0.83,
  "precision": 0.83,
  "recall": 0.82,
  "f1": 0.83,
  "specificity": 0.82,
  "cross_validation_score": [
    0.7732673267326733, 0.7816831683168317, 0.7883663366336634,
    0.773019801980198, 0.782920792079208, 0.778960396039604, 0.7848477345877692,
    0.7794008417925229, 0.7922753156721961, 0.7945035899975241
  ],
  "cross_validation_mean": 0.78,
  "cross_validation_std": 0.01,
  "confusion_matrix_args": [16190, 3604, 3229, 17373]
}
