{
  "accuracy": 0.81,
  "precision": 0.81,
  "recall": 0.79,
  "f1": 0.8,
  "specificity": 0.79,
  "cross_validation_score": [
    0.7688118811881188, 0.7663366336633664, 0.7717821782178218,
    0.775990099009901, 0.7668316831683168, 0.7774752475247525,
    0.7742015350334241, 0.7690022282743253, 0.7655360237682595,
    0.7727160188165387
  ],
  "cross_validation_mean": 0.77,
  "cross_validation_std": 0.0,
  "confusion_matrix_args": [15533, 4138, 3689, 17036]
}
