{
  "accuracy": 0.78,
  "precision": 0.78,
  "recall": 0.79,
  "f1": 0.78,
  "specificity": 0.79,
  "cross_validation_score": [
    0.7497524752475248, 0.7564356435643564, 0.7616336633663366,
    0.7472772277227723, 0.7636138613861386, 0.7584158415841584,
    0.7598415449368655, 0.7439960386234217, 0.7665263679128497,
    0.7526615498885862
  ],
  "cross_validation_mean": 0.76,
  "cross_validation_std": 0.01,
  "confusion_matrix_args": [15589, 4194, 4722, 15891]
}
