{
  "accuracy": 0.79,
  "precision": 0.79,
  "recall": 0.8,
  "f1": 0.79,
  "specificity": 0.8,
  "cross_validation_score": [
    0.7623762376237624, 0.7702970297029703, 0.7613861386138614,
    0.7767326732673268, 0.7668316831683168, 0.7608910891089109,
    0.7692498143104729, 0.775439465214162, 0.7794008417925229,
    0.7598415449368655
  ],
  "cross_validation_mean": 0.77,
  "cross_validation_std": 0.01,
  "confusion_matrix_args": [15931, 3939, 4353, 16173]
}
