{
  "accuracy": 0.77,
  "precision": 0.77,
  "recall": 0.79,
  "f1": 0.77,
  "specificity": 0.79,
  "cross_validation_score": [
    0.7581683168316832, 0.7623762376237624, 0.7594059405940594,
    0.7589108910891089, 0.7584158415841584, 0.7655940594059406,
    0.7531567219608815, 0.7578608566476851, 0.7652884377321119,
    0.7563753404307997
  ],
  "cross_validation_mean": 0.76,
  "cross_validation_std": 0.0,
  "confusion_matrix_args": [15657, 4115, 5068, 15556]
}
