{
  "accuracy": 0.81,
  "precision": 0.81,
  "recall": 0.81,
  "f1": 0.81,
  "specificity": 0.81,
  "cross_validation_score": [
    0.7787128712871287, 0.7695544554455446, 0.7581683168316832,
    0.7675742574257426, 0.775, 0.7688118811881188, 0.7811339440455558,
    0.7774201535033424, 0.7843525625154741, 0.7682594701658827
  ],
  "cross_validation_mean": 0.77,
  "cross_validation_std": 0.01,
  "confusion_matrix_args": [16082, 3869, 3786, 16659]
}
