{
  "accuracy": 0.79,
  "precision": 0.8,
  "recall": 0.83,
  "f1": 0.8,
  "specificity": 0.83,
  "cross_validation_score": [
    0.7663366336633664, 0.7633663366336634, 0.7722772277227723,
    0.7678217821782178, 0.7636138613861386, 0.7698019801980198,
    0.7712305025996534, 0.7630601634067838, 0.7848477345877692,
    0.7667739539489973
  ],
  "cross_validation_mean": 0.77,
  "cross_validation_std": 0.01,
  "confusion_matrix_args": [16416, 3333, 5027, 15620]
}
