{
  "accuracy": 0.84,
  "precision": 0.84,
  "recall": 0.83,
  "f1": 0.83,
  "specificity": 0.83,
  "cross_validation_score": [
    0.7814356435643565, 0.7844059405940594, 0.7831683168316832,
    0.7878712871287129, 0.782920792079208, 0.7967821782178218,
    0.7875711809853925, 0.785590492696212, 0.7945035899975241, 0.790047041346868
  ],
  "cross_validation_mean": 0.79,
  "cross_validation_std": 0.0,
  "confusion_matrix_args": [16443, 3352, 3197, 17404]
}
