{
  "accuracy": 0.83,
  "precision": 0.83,
  "recall": 0.77,
  "f1": 0.82,
  "specificity": 0.77,
  "cross_validation_score": [
    0.7972772277227723, 0.7933168316831684, 0.7900990099009901,
    0.7893564356435644, 0.7923267326732674, 0.7883663366336634,
    0.7964842782867047, 0.7915325575637534, 0.7957415201782619,
    0.7915325575637534
  ],
  "cross_validation_mean": 0.79,
  "cross_validation_std": 0.0,
  "confusion_matrix_args": [15261, 4449, 2422, 18264]
}
