{
  "accuracy": 0.79,
  "precision": 0.79,
  "recall": 0.8,
  "f1": 0.79,
  "specificity": 0.8,
  "cross_validation_score": [
    0.7621287128712871, 0.7608910891089109, 0.7576732673267327,
    0.7502475247524752, 0.7698019801980198, 0.7660891089108911,
    0.7578608566476851, 0.7781629116117851, 0.7536518940331766,
    0.7667739539489973
  ],
  "cross_validation_mean": 0.76,
  "cross_validation_std": 0.01,
  "confusion_matrix_args": [15891, 3864, 4623, 16018]
}
