{
  "accuracy": 0.83,
  "precision": 0.83,
  "recall": 0.82,
  "f1": 0.83,
  "specificity": 0.82,
  "cross_validation_score": [
    0.7863861386138614, 0.7985148514851486, 0.7920792079207921,
    0.7965346534653466, 0.7866336633663367, 0.7982673267326733,
    0.7902946273830156, 0.7888091111661303, 0.7885615251299827,
    0.7910373854914583
  ],
  "cross_validation_mean": 0.79,
  "cross_validation_std": 0.0,
  "confusion_matrix_args": [16226, 3541, 3330, 17299]
}
