{
  "accuracy": 0.75,
  "precision": 0.75,
  "recall": 0.75,
  "f1": 0.75,
  "specificity": 0.75,
  "cross_validation_score": [
    0.7445544554455445, 0.7448019801980198, 0.7482673267326733,
    0.7455445544554455, 0.7413366336633663, 0.7522277227722772,
    0.7551374102500619, 0.7452339688041595, 0.7469670710571924,
    0.7665263679128497
  ],
  "cross_validation_mean": 0.75,
  "cross_validation_std": 0.01,
  "confusion_matrix_args": [14903, 4859, 5253, 15381]
}
