{
  "accuracy": 0.83,
  "precision": 0.83,
  "recall": 0.84,
  "f1": 0.83,
  "specificity": 0.84,
  "cross_validation_score": [
    0.7824257425742575, 0.8002475247524753, 0.7794554455445545,
    0.7881188118811882, 0.7960396039603961, 0.7797029702970297,
    0.790047041346868, 0.7784104976479327, 0.7870760089130973,
    0.7826194602624412
  ],
  "cross_validation_mean": 0.79,
  "cross_validation_std": 0.01,
  "confusion_matrix_args": [16710, 3134, 3605, 16947]
}
