{
  "accuracy": 0.83,
  "precision": 0.83,
  "recall": 0.83,
  "f1": 0.83,
  "specificity": 0.83,
  "cross_validation_score": [
    0.7787128712871287, 0.7841584158415842, 0.7777227722772277,
    0.7710396039603961, 0.7774752475247525, 0.7668316831683168,
    0.7850953206239168, 0.785590492696212, 0.7816291161178509, 0.775439465214162
  ],
  "cross_validation_mean": 0.78,
  "cross_validation_std": 0.01,
  "confusion_matrix_args": [16509, 3325, 3678, 16884]
}
