{
  "accuracy": 0.81,
  "precision": 0.82,
  "recall": 0.76,
  "f1": 0.8,
  "specificity": 0.76,
  "cross_validation_score": [
    0.7782178217821782, 0.776980198019802, 0.7836633663366337,
    0.7826732673267327, 0.7784653465346535, 0.7801980198019802,
    0.7779153255756376, 0.7828670462985887, 0.7952463481059668,
    0.7813815300817034
  ],
  "cross_validation_mean": 0.78,
  "cross_validation_std": 0.01,
  "confusion_matrix_args": [15059, 4857, 2692, 17788]
}
