{
  "accuracy": 0.84,
  "precision": 0.84,
  "recall": 0.84,
  "f1": 0.84,
  "specificity": 0.84,
  "cross_validation_score": [
    0.8121287128712872, 0.7972772277227723, 0.7878712871287129,
    0.7896039603960396, 0.7903465346534654, 0.7918316831683169,
    0.7836098044070314, 0.8011884129735083, 0.7868284228769498,
    0.7905422134191632
  ],
  "cross_validation_mean": 0.79,
  "cross_validation_std": 0.01,
  "confusion_matrix_args": [16610, 3226, 3148, 17412]
}
