{
  "accuracy": 0.82,
  "precision": 0.82,
  "recall": 0.82,
  "f1": 0.82,
  "specificity": 0.82,
  "cross_validation_score": [
    0.7710396039603961, 0.7804455445544555, 0.7737623762376238,
    0.7678217821782178, 0.7757425742574258, 0.7918316831683169,
    0.7915325575637534, 0.7796484278286705, 0.7712305025996534,
    0.7766773953948998
  ],
  "cross_validation_mean": 0.78,
  "cross_validation_std": 0.01,
  "confusion_matrix_args": [16419, 3488, 3652, 16837]
}
