{
  "accuracy": 0.8,
  "precision": 0.8,
  "recall": 0.8,
  "f1": 0.8,
  "specificity": 0.8,
  "cross_validation_score": [
    0.7675742574257426, 0.7693069306930693, 0.7621287128712871,
    0.7668316831683168, 0.7650990099009901, 0.7579207920792079,
    0.7645456796236693, 0.7598415449368655, 0.7660311958405546,
    0.7630601634067838
  ],
  "cross_validation_mean": 0.76,
  "cross_validation_std": 0.0,
  "confusion_matrix_args": [15800, 3933, 4008, 16655]
}
