{
  "accuracy": 0.82,
  "precision": 0.82,
  "recall": 0.82,
  "f1": 0.81,
  "specificity": 0.82,
  "cross_validation_score": [
    0.7841584158415842, 0.7737623762376238, 0.7841584158415842,
    0.7792079207920792, 0.7797029702970297, 0.7621287128712871,
    0.7801435999009656, 0.7836098044070314, 0.7586036147561278,
    0.7704877444912107
  ],
  "cross_validation_mean": 0.78,
  "cross_validation_std": 0.01,
  "confusion_matrix_args": [16221, 3463, 3945, 16767]
}
