{
  "accuracy": 0.84,
  "precision": 0.84,
  "recall": 0.86,
  "f1": 0.84,
  "specificity": 0.86,
  "cross_validation_score": [
    0.7965346534653466, 0.7915841584158416, 0.7910891089108911,
    0.7938118811881189, 0.7950495049504951, 0.7893564356435644,
    0.7902946273830156, 0.7984649665758852, 0.7897994553107205,
    0.7920277296360485
  ],
  "cross_validation_mean": 0.79,
  "cross_validation_std": 0.0,
  "confusion_matrix_args": [16937, 2722, 3799, 16938]
}
