{
  "accuracy": 0.84,
  "precision": 0.84,
  "recall": 0.84,
  "f1": 0.83,
  "specificity": 0.84,
  "cross_validation_score": [
    0.7849009900990099, 0.7826732673267327, 0.7908415841584159,
    0.7834158415841584, 0.7891089108910891, 0.7762376237623763,
    0.7873235949492449, 0.7818767021539985, 0.7722208467442436,
    0.7806387719732607
  ],
  "cross_validation_mean": 0.78,
  "cross_validation_std": 0.01,
  "confusion_matrix_args": [16483, 3229, 3288, 17396]
}
